{"cameraMode":{"drawMode":0,"name":"Shaded","section":"Shading Mode"},"sceneLighting":true,"audioPlay":false,"sceneViewState":{"m_AlwaysRefresh":false,"showFog":true,"showSkybox":true,"showFlares":true,"showImageEffects":true,"showParticleSystems":true,"showVisualEffectGraphs":true,"m_FxEnabled":true},"in2DMode":false,"pivot":{"x":441.4534912109375,"y":192.16432189941407,"z":-0.0065155029296875},"rotation":{"x":0.002399968449026346,"y":0.003599927294999361,"z":-0.000008639793122711126,"w":0.9999906420707703},"size":107.60467529296875,"orthographic":false}